{"payload":{"installed_packages":["absl-py==2.1.0","anyio==4.6.2","argon2-cffi==21.3.0","argon2-cffi-bindings==21.2.0","asttokens==2.0.5","async-lru==2.0.4","attrs==24.3.0","attrs==25.1.0","autocommand==2.2.2","automat==24.8.1","babel==2.16.0","backports.tarfile==1.2.0","beautifulsoup4==4.12.3","bleach==6.2.0","brotli==1.0.9","certifi==2025.1.31","cffi==1.17.1","charset-normalizer==3.3.2","charset-normalizer==3.4.1","clearml==1.17.1","colorama==0.4.6","comet==3.1.0","comet_ml==3.49.0","comm==0.2.1","configobj==5.0.9","constantly==23.10.4","contourpy==1.3.1","cycler==0.12.1","debugpy==1.8.11","decorator==5.1.1","defusedxml==0.7.1","dulwich==0.22.7","everett==3.1.0","exceptiongroup==1.2.0","executing==0.8.3","fastjsonschema==2.20.0","filelock==3.13.1","fonttools==4.56.0","fsspec==2024.6.1","furl==2.1.3","gitdb==4.0.12","gitpython==3.1.44","grpcio==1.70.0","h11==0.14.0","httpcore==1.0.2","httpx==0.27.0","hyperlink==21.0.0","idna==3.10","idna==3.7","importlib_metadata==8.0.0","incremental==24.7.2","inflect==7.3.1","ipykernel==6.29.5","ipython==8.30.0","ipywidgets==8.1.5","jaraco.collections==5.1.0","jaraco.context==5.3.0","jaraco.functools==4.0.1","jaraco.text==3.12.1","jedi==0.19.2","jinja2==3.1.4","jinja2==3.1.5","json5==0.9.25","jsonschema==4.23.0","jsonschema-specifications==2023.7.1","jsonschema-specifications==2024.10.1","jupyter==1.1.1","jupyter-console==6.6.3","jupyter-events==0.10.0","jupyter-lsp==2.2.0","jupyter_client==8.6.3","jupyter_core==5.7.2","jupyter_server==2.14.1","jupyter_server_terminals==0.4.4","jupyterlab==4.3.4","jupyterlab-pygments==0.1.2","jupyterlab_server==2.27.3","jupyterlab_widgets==3.0.13","kiwisolver==1.4.8","lxml==5.3.1","markdown==3.7","markdown-it-py==3.0.0","markupsafe==2.1.5","markupsafe==3.0.2","matplotlib==3.10.0","matplotlib-inline==0.1.6","mdurl==0.1.2","mistune==2.0.4","more-itertools==10.3.0","mpmath==1.3.0","nbclient==0.8.0","nbconvert==7.16.4","nbformat==5.10.4","nest-asyncio==1.6.0","networkx==3.3","notebook==7.3.2","notebook_shim==0.2.3","numpy==2.1.1","opencv-python==4.11.0.86","orderedmultidict==1.0.1","overrides==7.4.0","packaging==24.2","packaging==24.2","pandas==2.2.3","pandocfilters==1.5.0","parso==0.8.4","pathlib2==2.3.7.post1","pillow==11.0.0","pip==25.0","platformdirs==3.10.0","platformdirs==4.2.2","ply==3.11","prometheus_client==0.21.0","prompt-toolkit==3.0.43","protobuf==5.29.3","psutil==5.9.0","psutil==6.1.1","pure-eval==0.2.2","py-cpuinfo==9.0.0","pycparser==2.21","pygments==2.15.1","pygments==2.19.1","pyjwt==2.9.0","pyparsing==3.2.1","pyqt5==5.15.10","pyqt5_sip==12.13.0","pysocks==1.7.1","python-box==6.1.0","python-dateutil==2.9.0.post0","python-json-logger==3.2.1","pytz==2025.1","pywin32==308","pywinpty==2.0.14","pyyaml==6.0.2","pyzmq==26.2.0","qtconsole==5.6.1","qtpy==2.4.1","referencing==0.30.2","referencing==0.36.2","requests==2.32.3","requests-toolbelt==1.0.0","rfc3339-validator==0.1.4","rfc3986-validator==0.1.1","rich==13.9.4","rpds-py==0.22.3","scipy==1.15.1","seaborn==0.13.2","semantic-version==2.10.0","send2trash==1.8.2","sentry-sdk==2.21.0","setuptools==75.8.0","simplejson==3.19.3","sip==6.7.12","six==1.16.0","six==1.17.0","smmap==5.0.2","sniffio==1.3.0","soupsieve==2.5","stack-data==0.2.0","sympy==1.13.1","tensorboard==2.19.0","tensorboard-data-server==0.7.2","terminado==0.17.1","thop==0.1.1-2209072238","tinycss2==1.4.0","tomli==2.0.1","tomli==2.0.1","tomli==2.2.1","torch==2.5.1+cpu","torchaudio==2.5.1+cpu","torchvision==0.20.1+cpu","tornado==6.4.2","tqdm==4.67.1","traitlets==5.14.3","twisted==24.11.0","typeguard==4.3.0","typing_extensions==4.12.2","typing_extensions==4.12.2","tzdata==2025.1","ultralytics==8.3.74","ultralytics-thop==2.0.14","urllib3==2.3.0","wcwidth==0.2.5","webencodings==0.5.1","websocket-client==1.8.0","werkzeug==3.1.3","wheel==0.43.0","wheel==0.45.1","widgetsnbextension==4.0.13","win-inet-pton==1.1.0","wrapt==1.17.2","wurlitzer==3.1.1","zipp==3.19.2","zope.interface==7.2"],"message_id":1},"type":"installed_packages"}
{"payload":{"command":["D:\\Desktop\\test\\yolov5-master\\train.py"],"env":null,"hostname":"\u9541magnesium","ip":"192.168.101.104","machine":"AMD64","message_id":2,"os":"Windows-10-10.0.26100-SP0","os_release":"10","os_type":"Windows","pid":22968,"processor":"AMD64 Family 25 Model 117 Stepping 2, AuthenticAMD","python_exe":"D:\\anaconda3\\envs\\test\\python.exe","python_version":"3.10.16","python_version_verbose":"3.10.16 | packaged by Anaconda, Inc. | (main, Dec 11 2024, 16:19:12) [MSC v.1929 64 bit (AMD64)]","user":"30115"},"type":"system_details"}
{"payload":{"local_timestamp":1739422455347,"message_id":3,"metric":{"epoch":null,"metricName":"sys.cpu.percent.avg","metricValue":14.88125,"step":null}},"type":"metric_msg"}
{"payload":{"local_timestamp":1739422455347,"message_id":4,"metric":{"epoch":null,"metricName":"sys.ram.total","metricValue":33618710528,"step":null}},"type":"metric_msg"}
{"payload":{"local_timestamp":1739422455347,"message_id":5,"metric":{"epoch":null,"metricName":"sys.ram.used","metricValue":22799470592,"step":null}},"type":"metric_msg"}
{"payload":{"local_timestamp":1739422455347,"message_id":6,"metric":{"epoch":null,"metricName":"sys.ram.available","metricValue":10819239936,"step":null}},"type":"metric_msg"}
{"payload":{"local_timestamp":1739422455347,"message_id":7,"metric":{"epoch":null,"metricName":"sys.ram.percent.used","metricValue":67.8,"step":null}},"type":"metric_msg"}
{"payload":{"local_timestamp":1739422455347,"message_id":8,"metric":{"epoch":null,"metricName":"sys.load.avg","metricValue":0.0,"step":null}},"type":"metric_msg"}
{"payload":{"key":"offline_experiment","message_id":9,"value":true},"type":"log_other"}
{"payload":{"key":"Name","message_id":10,"value":"exp"},"type":"log_other"}
{"payload":{"local_timestamp":1739422455352,"message_id":11,"output":"Traceback (most recent call last):\n  File \"D:\\Desktop\\test\\yolov5-master\\train.py\", line 985, in <module>\n    main(opt)\n  File \"D:\\Desktop\\test\\yolov5-master\\train.py\", line 687, in main\n    train(opt.hyp, opt, device, callbacks)\n  File \"D:\\Desktop\\test\\yolov5-master\\train.py\", line 179, in train\n    loggers = Loggers(\n  File \"D:\\Desktop\\test\\yolov5-master\\utils\\loggers\\__init__.py\", line 153, in __init__\n    self.comet_logger = CometLogger(self.opt, self.hyp)\n  File \"D:\\Desktop\\test\\yolov5-master\\utils\\loggers\\comet\\__init__.py\", line 100, in __init__\n    self.data_dict = self.check_dataset(self.opt.data)\n  File \"D:\\Desktop\\test\\yolov5-master\\utils\\loggers\\comet\\__init__.py\", line 250, in check_dataset\n    data_config = yaml.safe_load(f)\n  File \"D:\\anaconda3\\envs\\test\\lib\\site-packages\\yaml\\__init__.py\", line 125, in safe_load\n    return load(stream, SafeLoader)\n  File \"D:\\anaconda3\\envs\\test\\lib\\site-packages\\yaml\\__init__.py\", line 79, in load\n    loader = Loader(stream)\n  File \"D:\\anaconda3\\envs\\test\\lib\\site-packages\\yaml\\loader.py\", line 34, in __init__\n    Reader.__init__(self, stream)\n  File \"D:\\anaconda3\\envs\\test\\lib\\site-packages\\yaml\\reader.py\", line 85, in __init__\n    self.determine_encoding()\n  File \"D:\\anaconda3\\envs\\test\\lib\\site-packages\\yaml\\reader.py\", line 124, in determine_encoding\n    self.update_raw()\n  File \"D:\\anaconda3\\envs\\test\\lib\\site-packages\\yaml\\reader.py\", line 178, in update_raw\n    data = self.stream.read(size)\nUnicodeDecodeError: 'gbk' codec can't decode byte 0x80 in position 267: illegal multibyte sequence\n","stderr":true},"type":"standard_output"}
{"payload":{"local_timestamp":1739422455353,"message_id":12,"output":"COMET INFO: The process of logging environment details (conda environment, git patch) is underway. Please be patient as this may take some time.\n","stderr":true},"type":"standard_output"}
{"payload":{"local_timestamp":1739422455388,"message_id":13,"output":"COMET INFO: Couldn't find a Git repository in 'D:\\\\Desktop\\\\test\\\\yolov5-master' nor in any parent directory. Set `COMET_GIT_DIRECTORY` if your Git Repository is elsewhere.\n","stderr":true},"type":"standard_output"}
{"payload":{"local_timestamp":1739422460548,"message_id":14,"output":"COMET WARNING: Unknown error exporting current conda environment\n","stderr":true},"type":"standard_output"}
{"payload":{"additional_params":{"assetId":"1648cdf82fe8494493c7c2394aa0bfa3","context":null,"epoch":null,"extension":"txt","fileName":"conda-spec.txt","overwrite":false,"runId":null,"step":null,"type":"conda-specification"},"clean":true,"file_path":"tmp1xybjb4k","local_timestamp":1739422462509,"message_id":15,"metadata":{},"upload_type":"conda-specification"},"type":"file_upload"}
{"payload":{"additional_params":{"assetId":"1bd52378c2ec4c82b58c604557b46f86","context":null,"epoch":null,"extension":"yml","fileName":"conda-info.yml","overwrite":false,"runId":null,"step":null,"type":"conda-info"},"clean":true,"file_path":"tmpx3nccwwp","local_timestamp":1739422464834,"message_id":16,"metadata":{},"upload_type":"conda-info"},"type":"file_upload"}
{"payload":{"local_timestamp":1739422464833,"message_id":17,"output":"COMET INFO: ---------------------------------------------------------------------------------------\n","stderr":true},"type":"standard_output"}
{"payload":{"local_timestamp":1739422464833,"message_id":18,"output":"COMET INFO: Comet.ml OfflineExperiment Summary\n","stderr":true},"type":"standard_output"}
{"payload":{"local_timestamp":1739422464833,"message_id":19,"output":"COMET INFO: ---------------------------------------------------------------------------------------\n","stderr":true},"type":"standard_output"}
{"payload":{"local_timestamp":1739422464833,"message_id":20,"output":"COMET INFO:   Data:\n","stderr":true},"type":"standard_output"}
{"payload":{"local_timestamp":1739422464833,"message_id":21,"output":"COMET INFO:     display_summary_level : 1\n","stderr":true},"type":"standard_output"}
{"payload":{"local_timestamp":1739422464833,"message_id":22,"output":"COMET INFO:     name                  : exp\n","stderr":true},"type":"standard_output"}
{"payload":{"local_timestamp":1739422464833,"message_id":23,"output":"COMET INFO:     url                   : [OfflineExperiment will get URL after upload]\n","stderr":true},"type":"standard_output"}
{"payload":{"local_timestamp":1739422464833,"message_id":24,"output":"COMET INFO:   Others:\n","stderr":true},"type":"standard_output"}
{"payload":{"local_timestamp":1739422464833,"message_id":25,"output":"COMET INFO:     Name               : exp\n","stderr":true},"type":"standard_output"}
{"payload":{"local_timestamp":1739422464833,"message_id":26,"output":"COMET INFO:     offline_experiment : True\n","stderr":true},"type":"standard_output"}
{"payload":{"local_timestamp":1739422464833,"message_id":27,"output":"COMET INFO:   Uploads:\n","stderr":true},"type":"standard_output"}
{"payload":{"local_timestamp":1739422464833,"message_id":28,"output":"COMET INFO:     conda-info          : 1\n","stderr":true},"type":"standard_output"}
{"payload":{"local_timestamp":1739422464833,"message_id":29,"output":"COMET INFO:     conda-specification : 1\n","stderr":true},"type":"standard_output"}
{"payload":{"local_timestamp":1739422464834,"message_id":30,"output":"COMET INFO:     environment details : 1\n","stderr":true},"type":"standard_output"}
{"payload":{"local_timestamp":1739422464834,"message_id":31,"output":"COMET INFO:     installed packages  : 1\n","stderr":true},"type":"standard_output"}
{"payload":{"local_timestamp":1739422464834,"message_id":32,"output":"COMET INFO: \n","stderr":true},"type":"standard_output"}
