{"offline_id": "371b2a9c6b2a470eafc0b9ba48d07c75", "project_name": "yolov5", "start_time": 1739420745029, "stop_time": 1739420758665, "tags": [], "workspace": null, "resume_strategy": "create", "customer_error_reported": true, "customer_error_message": "Unexpected error detected in the user script: UnicodeDecodeError('gbk', b\"# Ultralytics \\xf0\\x9f\\x9a\\x80 AGPL-3.0 License - https://ultralytics.com/license\\n\\n# COCO128 dataset https://www.kaggle.com/datasets/ultralytics/coco128 (first 128 images from COCO train2017) by Ultralytics\\n# Example usage: python train.py --data coco128.yaml\\n# parent\\n# \\xe2\\x94\\x9c\\xe2\\x94\\x80\\xe2\\x94\\x80 yolov5\\n# \\xe2\\x94\\x94\\xe2\\x94\\x80\\xe2\\x94\\x80 datasets\\n#     \\xe2\\x94\\x94\\xe2\\x94\\x80\\xe2\\x94\\x80 coco128  \\xe2\\x86\\x90 downloads here (7 MB)\\n\\n# Train/val/test sets as 1) dir: path/to/imgs, 2) file: path/to/imgs.txt, or 3) list: [path/to/imgs1, path/to/imgs2, ..]\\npath: ../dataset # dataset root dir\\ntrain: images/train # train images (relative to 'path') 128 images\\nval: images/val # val images (relative to 'path') 128 images\\ntest: # test images (optional)\\n\\n# Classes\\nnames:\\n  0: pig1\\n  1: pig2\\n  2: pig3\\n \", 267, 268, 'illegal multibyte sequence')", "user_provided_experiment_key": false, "comet_start_sourced": false}